"seqID","taxID","scientific_name","sequence","superkingdom_name","kingdom_name","phylum_name","class_name","order_name","family_name","genus_name","species_name","euk_class","metazoa_class","arthropoda_class","insecta_class"
"ManCurSeq_DUFA-COLR-000000001555472-H00000001",1010000010,"Bordaia karnka","TTTATCATCAAATATTGCTCATGCTGGTAGATCAGTAGATCTAGCTATTTTTTCATTACACTTAGCAGGAATTTCTTCAATTTTAGGTGCTGTTAATTTTATTACAACTGTAATTAATATACGATCAAACGGAATATCCTTTGACCGTATACCATTATTTGTATGAAGAGTAGCAATCACTGCATTATTATTATTATTATCTTTACCAGTTTTAGCAGGAGCTATTACTATACTATTAACAGATCGAAATTTAAATACTTCATTTTTTGATCCTGCTGGAGGAGGTGATCCTATCTTATATCAACATTTATTT","Eukaryota","Metazoa","Arthropoda","Insecta","Lepidoptera","Hepialidae","Bordaia","Bordaia karnka","Metazoa","Arthropoda","Insecta","Lepidoptera"
"ManCurSeq_DUFA-COLR-000000001555472-H00000002",1010000010,"Bordaia karnka","TTTATCATCAAATATTGCTCATGCTGGTAGATCAGTAGATTTAGCTATTTTTTCATTACACTTAGCAGGAATTTCTTCAATTTTAGGTGCTGTTAATTTTATTACAACTGTAATTAATATACGATCAAACGGAATATCCTTTGACCGTATACCATTATTTGTATGAAGAGTAGCAATCACTGCATTATTATTATTATTATCTTTACCAGTTTTAGCAGGAGCTATTACTATACTATTAACAGATCGAAATTTAAATACTTCATTTTTTGATCCTGCTGGAGGAGGTGATCCTATCTTATATCAACATTTATTT","Eukaryota","Metazoa","Arthropoda","Insecta","Lepidoptera","Hepialidae","Bordaia","Bordaia karnka","Metazoa","Arthropoda","Insecta","Lepidoptera"
"ManCurSeq_DUFA-COLR-000000001555333-H00000001",1010000011,"Amata pr.","ACTTTCATCTAATATTGCTCATAGAGGAAGTTCAGTTGATTTAGCTATTTTTTCATTACATTTAGCTGGAATCTCTTCAATTTTAGGTGCTATTAATTTTATTACAACAATCATCAATATACGATTAAATAATTTATCTTTTGATCAAATACCCTTATTTGTATGAGCAGTAGGTATTACAGCTTTCTTATTACTTCTTTCTTTACCTGTTTTAGCTGGTGCTATTACTATATTATTAACAGATCGTAATCTTAACACATCTTTTTTTGATCCCGCTGGAGGAGGAGATCCAATTCTTTATCAACATTTATTT","Eukaryota","Metazoa","Arthropoda","Insecta","Lepidoptera","Erebidae","Amata","Amata pr.","Metazoa","Arthropoda","Insecta","Lepidoptera"
"ManCurSeq_DUFA-COLR-000000001560174-H00000001",1010000012,"Lophoptera pr.","ACTTTCATCTAATATTGCACATGGAGGAAGATCAGTTGATTTAGCAATTTTTTCCTTACATTTAGCTGGAATTTCTTCTATTTTAGGGGCTATTAACTTTATTACTACTATTATTAATATAAAATTAAATAATTTATCTTTTGATCAAATACCTTTATTTGTGTGAGCAGTAGGGATTACTGCTTTTCTTTTACTTTTATCATTACCTGTATTAGCTGGAGCTATTACTATATTATTAACTGATCGTAATTTAAATACATCATTTTTTGACCCAGCTGGAGGGGGAGACCCTATTCTTTATCAACATTTATTT","Eukaryota","Metazoa","Arthropoda","Insecta","Lepidoptera","Euteliidae","Lophoptera","Lophoptera pr.","Metazoa","Arthropoda","Insecta","Lepidoptera"
"ManCurSeq_DUFA-COLR-000001000000019-H00000001",1010000013,"Abyssoninoe scopa","GCTAGCTAGAAACATGGCCCATGCAGGCCCATCTGTAGATTTAGCAATCTTCTCCCTACACCTAGCTGGCACCTCATCCATCTTAGGTTCAATCAATTTTATCACTACCATTATCAATATACGCACCTCTGGGTTACGACTAGAACGCATCCCCTTATTCGTCTGATCTCTTAAAATTACAACAATCCTACTATTACTATCCTTACCTGTTTTAGCTGGGGCAATCACCATACTTCTCACAGACCGAAACCTAAACACCTCTTTTTTTGACCCAAGGAGTGGTGGTGATCCTGTCCTATTTCAACACCTATTC","Eukaryota","Metazoa","Annelida","Polychaeta","Eunicida","Lumbrineridae","Abyssoninoe","Abyssoninoe scopa","Metazoa","Annelida","No_arthropoda","No_insecta"
"ManCurSeq_DUFA-COLR-000001000000021-H00000001",1010000014,"Orthocladius sp.BOLD:ACP2182","TTTGTCTTCTGGGATTGCACATGCAGGAGCTTCAGTTGACTTAGCTATTTTTTCTTTACATTTAGCTGGTATTTCTTCTATTTTAGGAGCAGTAAATTTTATTACAACTGTAATTAATATACGATCTAATGGTATCACTTTAGATCGAATACCTTTATTCGTTTGGTCAGTAATTATTACTGCTGTCTTATTATTATTATCTTTACCTGTGTTAGCAGGAGCTATTACAATATTATTAACTGATCGAAACTTAAATACATCATTTTTTGACCCTGCCGGAGGAGGGGATCCAATTTTATATCAACATTTATTT","Eukaryota","Metazoa","Arthropoda","Insecta","Diptera","Chironomidae","Orthocladius","Orthocladius sp.BOLD:ACP2182","Metazoa","Arthropoda","Insecta","Diptera"
"ManCurSeq_DUFA-COLR-000001000000022-H00000001",1010000015,"Spio sp.BOLD:ACP1181","TTCAGCTAATCTCGCCCACGCTGGGCCTTCTGTAGATCTTGCTATTTTCTCTCTACATCTAGCAGGGATTTCTTCAATTTTAGGCGCTATTAATTTCATCACTACAACCATTAATATACGATGAAGAGGGCTTCGATTAGAACACATTTCACTATTTGTATGGGCTGTAGTAATTACTGCTGTACTTCTTCTTTTATCCCTCCCTGTTCTTGCAGGTGCAATTACTATACTTCTTACAGACCGCAACCTTAACACGTCCTTCTTCGACCCTGCTGGAGGAGGGGACCCTATCCTGTACCAACACTTATTT","Eukaryota","Metazoa","Annelida","Polychaeta","Spionida","Spionidae","Spio","Spio sp.BOLD:ACP1181","Metazoa","Annelida","No_arthropoda","No_insecta"
"ManCurSeq_DUFA-COLR-000001000000023-H00000001",1010000016,"Harmothoe mariannae","TCTATCCTCAAATATTGCCCATGCTGGGCCATCTGTTGATTTAGCTATTTTTTCTCTCCATATTGCAGGTGTTTCCTCAATTTTAGGGGCTTTAAATTTTATTACCACAGTAATTAATATACGATATAAAGGACTTCGTTTAGAACGAGTTCCCTTATTTGTTTGATCTGCTAAAATTACAGCTATTCTTTTATTACTATCCTTGCCTGTGTTAGCTGGAGCTATTACTATACTACTAACAGACCGTAATTTAAACACAGCATTCTTTGATCCTGCTGGAGGAGGGGATCCTGTTTTATATCAACACTTATTT","Eukaryota","Metazoa","Annelida","Polychaeta","Phyllodocida","Polynoidae","Harmothoe","Harmothoe mariannae","Metazoa","Annelida","No_arthropoda","No_insecta"
"ManCurSeq_DUFA-COLR-000001000000025-H00000001",1010000017,"Mediomastus sp. HUNTSPOL0210","TCTCTCAAGCAACATTGCTCATGCAAGACCTGCAGTCGATATAGCAATTTTCTCTCTTCACTTAGCAGGTGCATCATCAGTTATCGCATCTCTCAACTTTATGACCACAATTTATAACATACGAAGAGAAGGGTACACAATGGAACGTGTTCCTCTGTTCGTATGATCAATTATGATCACATCAGGTCTCCTTGTTCTAGCAATTCCTGTCCTCGCTGCAGGAATTACTATGCTTCTCACTGACCGAAACCTAAACACCACTTTCTTCGACCCAGTAGGTGGTGGGGACCCCGTTCTCTATCAACACCTCTTC","Eukaryota","Metazoa","Annelida","Polychaeta","","Capitellidae","Mediomastus","Mediomastus sp. HUNTSPOL0210","Metazoa","Annelida","No_arthropoda","No_insecta"
